Username,TextContent,LikeCount,Tag,Timestamp
User123,"That feeling when you're the only one with an umbrella on a sunny day.",25,Relatable,2024-03-29 08:30:00
CoolCat45,"Why do we call it a 'building' if it's already built? ğŸ¤”",10,Hilarious,2024-03-29 09:15:00
AdventureSeeker,"Just found a hidden gem of a cafe tucked away in the alleys of the city! ğŸ˜â˜•",30,Hidden,2024-03-29 10:00:00
MusicLover88,"Music is my escape from reality. ğŸµğŸ§",15,Inspirational,2024-03-29 11:20:00
FoodieQueen,"Food is life! Can't resist a good burger. ğŸ”â¤ï¸",20,Foodie,2024-03-29 12:45:00
TechWizard,"Just hacked my coffee machine to make me a cup of coffee from my bed. The future is here. â˜•ğŸ¤–",50,Innovative,2024-03-29 13:30:00
FitnessFreak,"Gym time! ğŸ’ªğŸ’¦",40,HealthyLiving,2024-03-29 14:10:00
BookWorm22,"Lost in the pages of a good book. ğŸ“šâœ¨",35,Literature,2024-03-29 15:00:00
TravelBug777,"Wanderlust hitting hard! âœˆï¸ğŸŒ",45,Travel,2024-03-29 16:20:00
ArtisticSoul,"Expressing myself through art today. ğŸ¨âœ¨",25,Creative,2024-03-29 17:05:00
